ts	phase	decision	why	evidence	result
2026-08-09T08:09:00Z	frame	Done when Phases 0-9 from the agreed roadmap land on main with green tests and a fable gap council finds no missing links	falsifiable predicate for the autonomous run	council synthesis in prior turn	open
2026-08-09T08:09:30Z	frame	Rename AIE preset to conference (minimal vs conference)	user rejected brand-coded preset names	user message	open
2026-08-09T08:10:00Z	design	Ship in waves with disjoint file ownership per parallel agent then serialize commits on main	avoid concurrent writes to the same tree	principle separate-before-serializing	open
2026-08-09T08:10:27Z	wave0	Launched 5 grok worktree agents for Phase 0 disjoint units	parallel without shared working tree	agents da34/fb79/ac34/fc4d/faa0	running
2026-08-09T08:10:52Z	wave0	Aborted shared-tree parallel agents and created five git worktrees	agents were writing the same working tree and mixing diffs	/tmp/ce-wave0-salvage + wt-*	recovered
2026-08-09T08:11:39Z	wave0	Relaunched five poteto-agents into wt-* worktrees	best-of-n shared the parent tree; real git worktrees enforce separation	b088/3067/2f01/894f/d84a	running
2026-08-09T08:13:40Z	wave0	Merged activate-plan-button fix to main	already-active plans link to review instead of false-fail	979e3cf	tests pending push
2026-08-09T08:13:42Z	wave0	Removed wt-activate after merge	unit done	979e3cf on main	done
2026-08-09T08:14:10Z	wave0	Merged remaining Wave0 branches to main	settings then formbuilder then publicreview then presetclone	loop tick 1	verify next
